                  Exercise_2

1. Display the Supplier table in the descending order of CITY.
==>  select * from s
     order by city desc;
+------+-------+--------+--------+
| s#   | Sname | Status | City   |
+------+-------+--------+--------+
| S2   | Jones | 10     | Paris  |
| S3   | Blake | 30     | Paris  |
| S1   | Smith | 20     | London |
| S4   | Clark | 20     | London |
| S5   | Adams | 30     | Athens |
+------+-------+--------+--------+
5 rows in set (0.15 sec)
--------------------------------------------------------------------------------------

2. Display the Part Table in the ascending order of CITY and within the city in
the ascending order of Part names.
==> select * from p
    order by city asc;
+------+-------+-------+--------+--------+
| p#   | Pname | color | weight | city   |
+------+-------+-------+--------+--------+
| P1   | Nut   | Red   |  12.00 | London |
| P4   | Screw | Red   |  14.00 | London |
| P6   | Cog   | Red   |  19.00 | London |
| P2   | Bolt  | Green |  17.00 | Paris  |
| P5   | Cam   | Blue  |  12.00 | Paris  |
| P3   | Screw | Blue  |  17.00 | Rome   |
+------+-------+-------+--------+--------+
6 rows in set (0.00 sec)
----------------------------------------------------------------------------------------

3. Display all the Suppliers with a status between 10 and 20.
==>select * from s
   where status between 10 and 20;
+------+-------+--------+--------+
| s#   | Sname | Status | City   |
+------+-------+--------+--------+
| S1   | Smith | 20     | London |
| S2   | Jones | 10     | Paris  |
| S4   | Clark | 20     | London |
+------+-------+--------+--------+
3 rows in set (0.00 sec)
-----------------------------------------------------------------------------------------

4. Display all the Parts and their Weight, which are not in the range of 10 and 15.
==> select * from p
    where weight not between 10 and 15; 
+------+-------+-------+--------+--------+
| p#   | Pname | color | weight | city   |
+------+-------+-------+--------+--------+
| P2   | Bolt  | Green |  17.00 | Paris  |
| P3   | Screw | Blue  |  17.00 | Rome   |
| P6   | Cog   | Red   |  19.00 | London |
+------+-------+-------+--------+--------+
3 rows in set (0.00 sec)
-----------------------------------------------------------------------------------------

5. Display all the Part names starting with the letter ‘S’
==> select * from p
    where pname like 'S%';
+------+-------+-------+--------+--------+
| p#   | Pname | color | weight | city   |
+------+-------+-------+--------+--------+
| P3   | Screw | Blue  |  17.00 | Rome   |
| P4   | Screw | Red   |  14.00 | London |
+------+-------+-------+--------+--------+
2 rows in set (0.00 sec)
-------------------------------------------------------------------------------------------

6. Display all the Suppliers, belonging to cities starting with the letter ‘L’.
==> select * from s
    where city like 'L%';
+------+-------+--------+--------+
| s#   | Sname | Status | City   |
+------+-------+--------+--------+
| S1   | Smith | 20     | London |
| S4   | Clark | 20     | London |
+------+-------+--------+--------+
2 rows in set (0.00 sec)
7. Display all the Projects, with the third letter in JNAME as ‘n’.
==> select * from j
    where jname like 'n%%';  
  Empty set